date,location,indicator,min,median,mean,sd,max
2019-10-04,Lions Sight,pm10,31.25,37.85,37.74523809523809,2.695686589809022,43
2019-10-04,Lions Sight,pm2.5,16.7,18.6,18.678571428571427,0.9878728952364556,20.3
2019-10-04,Malaria,pm10,43.35,51.95,55.50238095238095,10.207013228541395,72.35
2019-10-04,Malaria,pm2.5,11.05,12.4,12.55952380952381,0.8465546420076862,14.35
2019-10-04,Ward 6B,pm10,51.7,152.5,167.67619047619047,104.6939869560898,415.6
2019-10-04,Ward 6B,pm2.5,31.7,74.4,79.56666666666668,43.124561833522826,189
2019-10-05,Lighthouse Clinic,pm10,26.4,36.5,45.505109489051094,38.200607423504266,328.1
2019-10-05,Lighthouse Clinic,pm2.5,15.3,19.95,23.08248175182482,14.707769294463034,133.95
2019-10-05,Lions Sight,pm10,27.45,42.225,43.374212598425196,7.672523893435243,73.4
2019-10-05,Lions Sight,pm2.5,16.35,20.55,20.419488188976377,1.8647881689027606,24.5
2019-10-05,Malaria,pm10,30.9,44.4,45.3298418972332,6.784310855527496,73.4
2019-10-05,Malaria,pm2.5,10.1,14,16.017588932806326,4.498584093492776,24.5
2019-10-05,Mercy James,pm10,20.25,28.275,28.65983146067416,4.704787977681549,41.2
2019-10-05,Mercy James,pm2.5,12.8,15.3,16.225842696629215,2.581459451873984,22.2
2019-10-05,Ward 6B,pm10,30.5,89.7,122.48577235772359,91.71461070710669,431
2019-10-05,Ward 6B,pm2.5,21.8,47.325,63.042479674796745,41.32952364649905,220.6
2019-10-06,Lighthouse Clinic,pm10,25.95,35.75,60.18205128205129,116.26560434046056,889.5
2019-10-06,Lighthouse Clinic,pm2.5,16.5,19.3,28.964957264957267,48.91373884326845,374
2019-10-06,Lions Sight,pm10,23.6,42.525,42.810629921259846,6.099005717973699,59.25
2019-10-06,Lions Sight,pm2.5,13.6,21.75,21.821456692913387,2.6576986099404007,29.9
2019-10-06,Malaria,pm10,23.6,42.525,42.810629921259846,6.099005717973699,59.25
2019-10-06,Malaria,pm2.5,13.6,21.75,21.821456692913387,2.6576986099404007,29.9
2019-10-06,Mercy James,pm10,22.5,30.8,31.111614173228347,5.2061279027581895,59.15
2019-10-06,Mercy James,pm2.5,14.15,15.9,16.66751968503937,2.0532433972200095,26.4
2019-10-06,Ward 6B,pm10,27.5,39.5,54.59468503937008,39.104165155506195,272.4
2019-10-06,Ward 6B,pm2.5,20.4,25.75,31.32952755905512,14.95398522415406,109.85
2019-10-07,Lighthouse Clinic,pm10,25.7,42.375,102.93686440677966,135.7808688090059,790.65
2019-10-07,Lighthouse Clinic,pm2.5,15.5,23.05,48.68008474576271,63.260374352675306,398
2019-10-07,Lions Sight,pm10,17.65,29.275,34.521,16.31484611301238,106.2
2019-10-07,Lions Sight,pm2.5,8.2,9.4,12.346333333333332,7.386099534334489,41.5
2019-10-07,Malaria,pm10,17.65,29.275,34.521,16.31484611301238,106.2
2019-10-07,Malaria,pm2.5,8.2,9.4,12.346333333333332,7.386099534334489,41.5
2019-10-07,Mercy James,pm10,17.65,29.15,29.50889328063241,4.216816057074427,47.95
2019-10-07,Mercy James,pm2.5,8.2,11.9,12.713636363636363,3.3401005441485814,20
2019-10-07,Ward 6B,pm10,23.5,39.6,64.9152610441767,59.94828305432459,322.8
2019-10-07,Ward 6B,pm2.5,18.3,25.5,36.26726907630522,25.563267556342325,150
2019-10-08,Guardian Shelter,pm10,23.85,81.7,117.92289719626169,98.44595808954564,515.35
2019-10-08,Guardian Shelter,pm2.5,11.75,68.05,94.69345794392522,82.18173863057967,458.15
2019-10-08,Lighthouse Clinic,pm10,11.9,69.15,106.30975609756098,105.70338771548518,546.9
2019-10-08,Lighthouse Clinic,pm2.5,3.9,25.9,40.19512195121951,42.65131809248091,222.9
2019-10-08,Lions Sight,pm10,16.2,27.65,27.735294117647058,4.491317210265203,38.9
2019-10-08,Lions Sight,pm2.5,7,8.9,9.075735294117647,1.3293410410748026,12.6
2019-10-08,Malaria,pm10,16.2,27.65,27.735294117647058,4.491317210265203,38.9
2019-10-08,Malaria,pm2.5,7,8.9,9.075735294117647,1.3293410410748026,12.6
2019-10-08,Mercy James,pm10,16.2,27.65,27.735294117647058,4.491317210265203,38.9
2019-10-08,Mercy James,pm2.5,7,8.9,9.075735294117647,1.3293410410748026,12.6
2019-10-08,Ward 6B,pm10,7.65,15.75,17.09424778761062,6.383896985679467,49.5
2019-10-08,Ward 6B,pm2.5,4,5.2,5.296902654867257,0.8464021330292478,8.75
2019-10-09,Administration,pm10,36.3,44.75,45.840584415584416,6.635763594323982,72.35
2019-10-09,Administration,pm2.5,10.1,11.85,11.912012987012988,0.8740457952063019,14.35
2019-10-09,Guardian Shelter,pm10,4,26.85,34.64604743083004,26.8875525168608,218.9
2019-10-09,Guardian Shelter,pm2.5,3.1,14.4,22.664229249011864,24.57142033987178,195.95
2019-10-09,Lighthouse Clinic,pm10,7.7,53.425,86.43287401574803,92.87937463834133,568.5
2019-10-09,Lighthouse Clinic,pm2.5,3.4,15.325,28.411811023622043,33.577935099719646,223.8
2019-10-09,Lions Sight,pm10,24.1,38.175,39.427,7.323137530361599,64.5
2019-10-09,Lions Sight,pm2.5,7.65,9.6,9.491999999999999,0.8018870361790034,11.45
2019-10-09,Malaria,pm10,24.1,38.175,39.427,7.323137530361599,64.5
2019-10-09,Malaria,pm2.5,7.65,9.6,9.491999999999999,0.8018870361790034,11.45
2019-10-09,Mercy James,pm10,5.35,11.55,17.3717032967033,13.358089148584693,60.9
2019-10-09,Mercy James,pm2.5,2.8,4.2,5.3890109890109885,2.6146453463464963,11.45
2019-10-09,Ward 6B,pm10,6.7,15.05,16.453149606299213,5.820237787786958,43.4
2019-10-09,Ward 6B,pm2.5,3.95,5.625,5.706299212598425,1.0465073121515827,9.9
2019-10-09,uMoyo,pm10,5.35,10.2,11.372108843537415,4.211583542241258,24.35
2019-10-09,uMoyo,pm2.5,2.8,3.9,4.291156462585034,1.443000354572718,9.9
2019-10-10,Administration,pm10,30.55,45.9,46.302880658436216,8.693297499774356,77.5
2019-10-10,Administration,pm2.5,9.3,13.3,17.433539094650207,7.032639123606923,29.2
2019-10-10,Guardian Shelter,pm10,16.8,54.1,68.55950704225351,42.967469383218635,263.95
2019-10-10,Guardian Shelter,pm2.5,0,35.35,43.21866197183098,41.82120981546929,230
2019-10-10,Lighthouse Clinic,pm10,12.8,50.425,79.8621462264151,80.34891861922475,524.7
2019-10-10,Lighthouse Clinic,pm2.5,6.9,23.174999999999997,30.835613207547173,27.529991478908254,194.15
2019-10-10,Lions Sight,pm10,11.7,26.85,26.427362204724407,8.17742054981437,48.1
2019-10-10,Lions Sight,pm2.5,5.75,7.7,8.206692913385826,1.8003991894281266,19.6
2019-10-10,Malaria,pm10,17.5,31.2,31.1150826446281,7.8157961789029535,54.35
2019-10-10,Malaria,pm2.5,5.8,9.2,12.2650826446281,6.727244553882915,30.9
2019-10-10,Mercy James,pm10,6.05,16.575000000000003,123.35846456692904,172.9033574143169,772.5
2019-10-10,Mercy James,pm2.5,2.9,6.525,49.14409448818899,73.10576428238195,375.2
2019-10-10,Ward 6B,pm10,6.5,14.875,15.88422131147541,5.449420157189671,48.1
2019-10-10,Ward 6B,pm2.5,4,6.425000000000001,8.00122950819672,3.5582510795983935,26.75
2019-10-10,uMoyo,pm10,6.05,15.85,67.96497975708503,105.611437014905,557.95
2019-10-10,uMoyo,pm2.5,2.9,6.3,27.750202429149805,41.078847814462044,217.7
2019-10-11,Administration,pm10,32.1,46.5,50.653754940711465,13.85715732959571,106.15
2019-10-11,Administration,pm2.5,18.9,24.85,27.148616600790515,7.349965450682832,54.7
2019-10-11,Guardian Shelter,pm10,19.25,85.75,160.48174603174604,166.54766406798078,820.55
2019-10-11,Guardian Shelter,pm2.5,0,44.4,62.33754940711466,69.93852979242787,375.2
2019-10-11,Lighthouse Clinic,pm10,27.45,39.225,39.87755905511811,5.138414993239041,56.8
2019-10-11,Lighthouse Clinic,pm2.5,15.95,18.5,19.211417322834645,2.3686372141023933,29.85
2019-10-11,Lions Sight,pm10,12.8,37,34.83467741935484,10.352407692441139,56.8
2019-10-11,Lions Sight,pm2.5,7.8,17.125,15.981451612903227,4.389916891452758,29.85
2019-10-11,Malaria,pm10,29.95,41,41.63897637795276,6.172770799512429,64
2019-10-11,Malaria,pm2.5,22.05,26.1,26.565748031496064,2.8563997958914005,37
2019-10-11,Mercy James,pm10,34.5,100.95,145.94762845849803,130.48967458356586,916.95
2019-10-11,Mercy James,pm2.5,19.9,48.675,71.97381889763778,65.5786346737608,474.15
2019-10-11,Ward 6B,pm10,14.95,69.125,127.43586956521742,122.92100329319575,515.55
2019-10-11,Ward 6B,pm2.5,11,43.400000000000006,68.77282608695653,61.66552158723161,278.4
2019-10-11,uMoyo,pm10,30.5,40.425,41.38720472440945,6.238005380558975,64
2019-10-11,uMoyo,pm2.5,15.7,22.8,22.876181102362207,5.398350427182479,37
2019-10-12,Administration,pm10,29.95,44.6,44.23740157480315,6.313676317053262,64
2019-10-12,Administration,pm2.5,22.05,25.7,26.053937007874016,2.064245847983592,37
2019-10-12,Guardian Shelter,pm10,25.75,108.69999999999999,162.5795634920635,147.10050000120827,916.95
2019-10-12,Guardian Shelter,pm2.5,16.6,64.75,96.68083003952569,90.6326078257292,548.85
2019-10-12,Lighthouse Clinic,pm10,12,36.875,41.14330708661418,23.577693754370678,218.9
2019-10-12,Lighthouse Clinic,pm2.5,4.6,18.375,24.220078740157483,22.801348912876623,195.95
2019-10-12,Lions Sight,pm10,27.45,42.225,43.374212598425196,7.672523893435243,73.4
2019-10-12,Lions Sight,pm2.5,16.35,20.55,20.419488188976377,1.8647881689027606,24.5
2019-10-12,Malaria,pm10,11.7,33.75,33.98981693363846,11.339692626587922,58.6
2019-10-12,Malaria,pm2.5,5.8,8.9,11.995766590389017,7.204236245513805,29.5
2019-10-12,Mercy James,pm10,22.85,144.3,170.5301724137931,119.94895304572975,663.1
2019-10-12,Mercy James,pm2.5,12.25,53.974999999999994,64.61831896551725,45.00471931214939,286.5
2019-10-12,Ward 6B,pm10,29.95,43,61.46003937007873,60.094294050839785,372.65
2019-10-12,Ward 6B,pm2.5,22.05,26.65,34.873228346456685,25.19177652640537,168.95
2019-10-12,uMoyo,pm10,27.45,42.225,43.374212598425196,7.672523893435243,73.4
2019-10-12,uMoyo,pm2.5,16.35,20.55,20.419488188976377,1.8647881689027606,24.5
2019-10-13,Administration,pm10,36.3,46.3,47.40537634408602,6.351735078405599,72.35
2019-10-13,Administration,pm2.5,10.65,12.9,17.626344086021508,6.8624618992605475,28.8
2019-10-13,Guardian Shelter,pm10,16.85,50.3,64.87047244094488,47.16769253990239,389.85
2019-10-13,Guardian Shelter,pm2.5,10.8,31.9,46.56059027777778,43.09410495913281,351.95
2019-10-13,Lighthouse Clinic,pm10,16.8,103.025,168.1354330708662,155.06104791801278,772.5
2019-10-13,Lighthouse Clinic,pm2.5,9.2,66.25,82.02007874015747,66.43303123242951,375.2
2019-10-13,Lions Sight,pm10,23.6,42.525,42.810629921259846,6.099005717973699,59.25
2019-10-13,Lions Sight,pm2.5,13.6,21.75,21.821456692913387,2.6576986099404007,29.9
2019-10-13,Malaria,pm10,12.8,37,34.83467741935484,10.352407692441139,56.8
2019-10-13,Malaria,pm2.5,7.8,17.125,15.981451612903227,4.389916891452758,29.85
2019-10-13,Mercy James,pm10,16.2,36,52.00681818181818,55.61900546700522,331.55
2019-10-13,Mercy James,pm2.5,7,10.75,19.016958041958038,19.488782221278196,119.25
2019-10-13,Ward 6B,pm10,36.3,46.3,47.40537634408602,6.351735078405599,72.35
2019-10-13,Ward 6B,pm2.5,10.65,12.9,17.626344086021508,6.8624618992605475,28.8
2019-10-13,uMoyo,pm10,30.25,41.775,42.505511811023624,5.663684426106038,59.25
2019-10-13,uMoyo,pm2.5,16.65,21.725,21.687204724409447,2.6537064208760794,29.9
2019-10-14,Administration,pm10,10.15,39.55,34.61872509960159,14.558105232760461,73.4
2019-10-14,Administration,pm2.5,3.2,11.15,9.954581673306771,5.108898993354909,24.5
2019-10-14,Guardian Shelter,pm10,13.1,58.8,78.02927536231884,72.78069178605746,635.1
2019-10-14,Guardian Shelter,pm2.5,0,24,30.717101449275365,26.904839524327105,159.7
2019-10-14,Lighthouse Clinic,pm10,32.2,74.35,130.1719367588933,136.55138286268016,916.95
2019-10-14,Lighthouse Clinic,pm2.5,18.75,37.025,64.44074803149607,67.88118487410595,474.15
2019-10-14,Lions Sight,pm10,5.85,28.05,29.615299684542588,15.187300896911301,106.2
2019-10-14,Lions Sight,pm2.5,2.8,9.9,10.787854889589907,6.11044595871033,41.5
2019-10-14,Malaria,pm10,19.4,36.025000000000006,34.94067460317461,10.724611562597289,73.4
2019-10-14,Malaria,pm2.5,14.2,17.825000000000003,18.530357142857145,2.968386061177994,24.5
2019-10-14,Mercy James,pm10,9.45,38.725,33.63888888888889,13.690911268069593,60.1
2019-10-14,Mercy James,pm2.5,3.2,20.35,16.550595238095237,8.626727533145615,29.9
2019-10-14,Ward 6B,pm10,19.15,42.475,41.26057312252964,9.484054458817221,73.4
2019-10-14,Ward 6B,pm2.5,10.1,19.9,18.126482213438734,4.651155533702662,29.9
2019-10-14,uMoyo,pm10,16.7,46.900000000000006,140.32699999999997,180.81239134654967,916.95
2019-10-14,uMoyo,pm2.5,3.2,11.2,10.569521912350597,5.546699682740897,24.5
2019-10-15,Administration,pm10,10.1,19.45,19.16067193675889,4.292403397592275,30.9
2019-10-15,Administration,pm2.5,3.2,5.2,5.455731225296442,1.361734989431404,8.6
2019-10-15,Guardian Shelter,pm10,27.3,61.375,80.27696850393701,56.32717026219264,388.15
2019-10-15,Guardian Shelter,pm2.5,15.8,33.675,47.81181102362204,40.1807415851884,263.7
2019-10-15,Lighthouse Clinic,pm10,27.3,61.375,80.27696850393701,56.32717026219264,388.15
2019-10-15,Lighthouse Clinic,pm2.5,15.8,33.675,47.81181102362204,40.1807415851884,263.7
2019-10-15,Lions Sight,pm10,20.95,29.95,32.386614173228345,8.186808411653859,90.5
2019-10-15,Lions Sight,pm2.5,11.3,13.6,13.788385826771654,1.300308929831641,17.9
2019-10-15,Malaria,pm10,19.45,27.7,29.44291338582677,9.117141099838564,77.05
2019-10-15,Malaria,pm2.5,14.6,17.1,18.254527559055116,4.252970267945455,41
2019-10-15,Mercy James,pm10,8.6,16.4,16.590944881889765,4.675220259962457,30.9
2019-10-15,Mercy James,pm2.5,2.2,4.15,4.678149606299212,1.665787129298995,9.95
2019-10-15,Ward 6B,pm10,21,29.275,29.761023622047244,5.07660647828923,53.8
2019-10-15,Ward 6B,pm2.5,14.7,17.375,17.783464566929133,2.074230702844058,27
2019-10-15,uMoyo,pm10,31.2,101.875,129.22007874015748,97.26116704529892,691.95
2019-10-15,uMoyo,pm2.5,2.2,4.15,4.678149606299212,1.665787129298995,9.95
2019-10-16,Administration,pm10,17.35,38.675,38.298425196850395,11.65560127099643,73.4
2019-10-16,Administration,pm2.5,6.7,12.375,14.4492125984252,5.959787791842358,24.5
2019-10-16,Guardian Shelter,pm10,29.45,48.25,55.37125984251968,22.254778338164403,188.9
2019-10-16,Guardian Shelter,pm2.5,19.05,26.55,31.903543307086615,16.407339147746786,165.2
2019-10-16,Lighthouse Clinic,pm10,29.45,48.25,55.37125984251968,22.254778338164403,188.9
2019-10-16,Lighthouse Clinic,pm2.5,19.05,26.55,31.903543307086615,16.407339147746786,165.2
2019-10-16,Lions Sight,pm10,13.25,30.4,29.555686274509807,8.610894092168547,50.2
2019-10-16,Lions Sight,pm2.5,3.5,14.3,11.837254901960783,5.029818987691547,19.1
2019-10-16,Malaria,pm10,5.8,12.8,17.96027131782946,16.50616442812911,127.85
2019-10-16,Malaria,pm2.5,3.1,4.7,8.880813953488373,10.883261436285714,76.6
2019-10-16,Mercy James,pm10,14.25,32.05,31.325294117647058,7.510243491062323,58.7
2019-10-16,Mercy James,pm2.5,5.25,12.2,11.445686274509804,4.048407996084833,29.45
2019-10-16,Ward 6B,pm10,23.1,34.875,35.15492125984252,6.019954088444284,53.6
2019-10-16,Ward 6B,pm2.5,15.7,22.174999999999997,22.257874015748033,3.752050428612047,32.65
2019-10-16,uMoyo,pm10,23.6,43.1,76.77509803921569,87.63555404158396,518.75
2019-10-16,uMoyo,pm2.5,5.25,17.9,15.813529411764707,7.497614009847863,29.9
2019-10-17,Administration,pm10,23.6,42.525,42.810629921259846,6.099005717973699,59.25
2019-10-17,Administration,pm2.5,13.6,21.75,21.821456692913387,2.6576986099404007,29.9
2019-10-17,Guardian Shelter,pm10,34.9,49.825,70.29230769230769,54.97438074650353,283.65
2019-10-17,Guardian Shelter,pm2.5,22.4,29.85,48.30576923076923,48.70183636563015,241
2019-10-17,Lighthouse Clinic,pm10,9.3,28.975,39.18642857142858,33.482564905048115,283.65
2019-10-17,Lighthouse Clinic,pm2.5,2.85,6.925000000000001,15.970714285714283,26.593764472873037,241
2019-10-17,Lions Sight,pm10,10,18.924999999999997,19.42992125984252,4.38687748460357,34.65
2019-10-17,Lions Sight,pm2.5,3.4,5.8,5.904724409448819,1.4474447031955788,10.55
2019-10-17,Malaria,pm10,8.75,46.1,147.71837944664034,173.0506179622751,901.95
2019-10-17,Malaria,pm2.5,3.5,20.450000000000003,80.24192913385825,115.43972061072702,767.7
2019-10-17,Mercy James,pm10,18.55,37.2,37.856324110671935,10.17815702776475,72.35
2019-10-17,Mercy James,pm2.5,8.4,12.05,13.886363636363637,5.400047932821305,29.9
2019-10-17,Ward 6B,pm10,25.35,68.5,131.5208108108108,119.06168643173775,515.55
2019-10-17,Ward 6B,pm2.5,15.9,43.1,71.67135135135135,59.01454698899331,278.4
2019-10-17,uMoyo,pm10,16.2,31.25,34.09220183486238,11.760657039100874,106.2
2019-10-17,uMoyo,pm2.5,7,9.3,10.344151376146788,4.646598703144809,41.5
2019-10-18,Administration,pm10,12.8,33.45,35.38461538461539,13.540876696024146,106.2
2019-10-18,Administration,pm2.5,8.1,11.4,13.590811965811966,5.912648385103309,41.5
2019-10-18,Guardian Shelter,pm10,34.3,66.45,109.59110429447854,91.74326411178161,461.35
2019-10-18,Guardian Shelter,pm2.5,18.7,42.8,82.11963190184048,81.15267170312401,390.6
2019-10-18,Lighthouse Clinic,pm10,17,28.1,32.42914979757085,17.274238317124695,168.15
2019-10-18,Lighthouse Clinic,pm2.5,5.25,8.3,10.282186234817814,6.597246783291279,73.1
2019-10-18,Lions Sight,pm10,18.4,50.325,46.65416666666667,15.455377630752459,92.35
2019-10-18,Lions Sight,pm2.5,5.7,23.7,18.601388888888888,8.151243889601426,29.5
2019-10-18,Malaria,pm10,30.9,62.45,104.04175824175825,74.37009064261882,313.05
2019-10-18,Malaria,pm2.5,10.25,26.25,43.23699633699635,36.33837661769642,179.45
2019-10-18,Mercy James,pm10,10.8,24.275,29.281976744186043,12.73268622137168,72.85
2019-10-18,Mercy James,pm2.5,6.4,10.7,10.650193798449612,2.1397411479416983,16.1
2019-10-18,Ward 6B,pm10,31.35,85.75,108.4955938697318,75.26301478131795,372.65
2019-10-18,Ward 6B,pm2.5,19.4,47,58.20785440613027,36.079272837124144,170.25
2019-10-18,uMoyo,pm10,13.9,34.5,65.2330115830116,81.43870942276527,476.6
2019-10-18,uMoyo,pm2.5,6.7,12.6,34.78320463320463,48.50071183207163,278.4
2019-10-19,Administration,pm10,20.6,28.55,29.297976878612715,4.584660211539808,49.4
2019-10-19,Administration,pm2.5,11,14.15,14.832369942196532,3.2485897909383628,31.4
2019-10-19,Guardian Shelter,pm10,38,52.475,62.76397637795276,30.7503316530756,278.6
2019-10-19,Guardian Shelter,pm2.5,20.6,27.4,36.95531496062992,27.013300071084373,231.3
2019-10-19,Lighthouse Clinic,pm10,11.2,30.549999999999997,50.74885496183207,57.04000258796966,470.8
2019-10-19,Lighthouse Clinic,pm2.5,7.8,13.55,21.418320610687022,23.99833343998735,203.6
2019-10-19,Lions Sight,pm10,33.6,53.2,53.39232283464567,8.8946085569592,80.5
2019-10-19,Lions Sight,pm2.5,14.9,22.95,21.835629921259844,3.30438088011057,26.75
2019-10-19,Malaria,pm10,13.4,21.275,25.33228346456693,17.60992244952327,143.7
2019-10-19,Malaria,pm2.5,9.9,13.075,15.077952755905512,8.14691714904063,71.8
2019-10-19,Mercy James,pm10,10.55,15.850000000000001,18.18523622047244,7.023948906731497,62.7
2019-10-19,Mercy James,pm2.5,6.2,7.8,9.066338582677165,5.009471146292897,49.6
2019-10-19,Ward 6B,pm10,17.35,31.15,71.85579399141633,75.20946467166716,448.2
2019-10-19,Ward 6B,pm2.5,11.3,17.3,37.89763948497854,36.27152786453984,220.25
2019-10-19,uMoyo,pm10,29.95,45.325,94.19094488188975,101.33535643167836,515.55
2019-10-19,uMoyo,pm2.5,22.05,28.4,49.32224409448818,43.608632328028904,245.9
2019-10-20,Administration,pm10,16.8,22.9,23.492716535433072,4.2847320750431255,54.5
2019-10-20,Administration,pm2.5,10.3,12.1,12.4746062992126,1.6073616595110412,19.7
2019-10-20,Guardian Shelter,pm10,12.6,54.225,79.3455078125,101.73042158479215,699.4
2019-10-20,Guardian Shelter,pm2.5,6.5,27.35,54.431250000000006,87.43380151325242,627.6
2019-10-20,Lighthouse Clinic,pm10,11.8,25.025,54.8507874015748,79.16546737482193,551.95
2019-10-20,Lighthouse Clinic,pm2.5,6.95,10.8,24.51692913385827,37.41647336495058,263.55
2019-10-20,Lions Sight,pm10,20.15,36.9,37.48686274509804,6.949305604634086,56.85
2019-10-20,Lions Sight,pm2.5,8.3,14.7,14.49470588235294,2.430433966094931,19.6
2019-10-20,Malaria,pm10,13,20.975,28.457086614173228,20.165718302125757,130
2019-10-20,Malaria,pm2.5,9.5,12.4,15.972047244094487,9.820946706463584,66.75
2019-10-20,Mercy James,pm10,9.9,19,18.58627450980392,4.1867253476847655,28.45
2019-10-20,Mercy James,pm2.5,6.3,10.3,9.359607843137255,2.1385696529615696,14.85
2019-10-20,Ward 6B,pm10,11.1,22.85,26.22624521072797,20.646529110455127,198.45
2019-10-20,Ward 6B,pm2.5,7.1,9.85,11.306321839080463,9.034717668094293,94.9
2019-10-20,uMoyo,pm10,12.6,44.3,42.24232283464567,10.531329606406072,100.65
2019-10-20,uMoyo,pm2.5,8.65,17.1,20.24291338582677,9.416299098469413,90
2019-10-21,Administration,pm10,14.8,20.95,21.879249011857706,5.588355437628394,82.35
2019-10-21,Administration,pm2.5,8.9,10.45,10.503162055335968,0.8066870086861823,13.55
2019-10-21,Guardian Shelter,pm10,8.75,28.200000000000003,43.27224409448819,44.50440542304502,274.75
2019-10-21,Guardian Shelter,pm2.5,5.8,15.375,31.43051181102362,40.175780319029805,245.95
2019-10-21,Lighthouse Clinic,pm10,7.9,17.475,41.16338582677166,73.75874851274767,621.7
2019-10-21,Lighthouse Clinic,pm2.5,5.6,8.45,18.325984251968503,37.053032366129514,343.8
2019-10-21,Lions Sight,pm10,15.9,23.95,24.59251968503937,4.659456696772398,53.5
2019-10-21,Lions Sight,pm2.5,6.35,7.9,8.086614173228346,0.9417091689315288,13.5
2019-10-21,Malaria,pm10,13.4,40.349999999999994,38.96574803149606,9.900556339994191,59.25
2019-10-21,Malaria,pm2.5,9.5,21.6,20.528149606299213,4.423708239274504,29.9
2019-10-21,Mercy James,pm10,15.9,23.95,24.59251968503937,4.659456696772398,53.5
2019-10-21,Mercy James,pm2.5,6.35,7.9,8.086614173228346,0.9417091689315288,13.5
2019-10-21,Ward 6B,pm10,11.2,26.625,27.97755905511811,9.582025144819092,54.95
2019-10-21,Ward 6B,pm2.5,7.1,9.925,10.778543307086615,2.7939096390612943,20.1
2019-10-21,uMoyo,pm10,22.75,30.65,31.244300518134715,5.255383514871695,53.8
2019-10-21,uMoyo,pm2.5,14.8,18.6,18.78834196891192,2.10997293306846,24.95
2019-10-22,Administration,pm10,15.35,21.9,22.16958762886598,2.974673376079117,30.85
2019-10-22,Administration,pm2.5,8.3,9.3,9.381701030927836,0.4730977106614748,10.75
2019-10-22,Guardian Shelter,pm10,18.4,65.9,87.3675,87.5678279604161,632.3
2019-10-22,Guardian Shelter,pm2.5,7.5,33.2,61.013571428571424,81.31137457105955,548.2
2019-10-22,Lighthouse Clinic,pm10,9.5,96,153.21830708661417,149.4793057758347,713.25
2019-10-22,Lighthouse Clinic,pm2.5,5.4,28.325000000000003,47.34271653543307,48.725868620563574,224.8
2019-10-22,Lions Sight,pm10,20.4,31.55,32.767114093959734,6.897467640990877,60.2
2019-10-22,Lions Sight,pm2.5,7.4,10,9.823154362416107,1.5083609715866564,13
2019-10-22,Malaria,pm10,12.8,36.45,40.454597701149424,20.187387600931114,106.2
2019-10-22,Malaria,pm2.5,8.1,16.5,18.007471264367815,7.86166563486372,41.5
2019-10-22,Mercy James,pm10,15.35,21.9,22.145572916666666,2.97525020900321,30.85
2019-10-22,Mercy James,pm2.5,8.3,9.3,9.37421875,0.4696823189068515,10.75
2019-10-22,Ward 6B,pm10,30.8,37.15,39.17272727272727,7.720018252451339,50.7
2019-10-22,Ward 6B,pm2.5,16.35,17.65,17.668181818181818,1.0796464067630496,19.1
2019-10-23,Administration,pm10,29.15,37.025,37.69563953488372,4.749062221772222,60.8
2019-10-23,Administration,pm2.5,13.9,15.525,16.011627906976745,1.5114702655563865,20.1
2019-10-23,Guardian Shelter,pm10,42.85,113.8,120.7990625,42.18154327967611,267.15
2019-10-23,Guardian Shelter,pm2.5,21.7,61.474999999999994,65.0503125,27.02709652261245,198.5
2019-10-23,Lighthouse Clinic,pm10,54,302.1,282.42619047619047,144.18541675482268,603.55
2019-10-23,Lighthouse Clinic,pm2.5,18.95,91.95,88.0952380952381,47.40844045305093,210.1
2019-10-23,Lions Sight,pm10,31.4,47.05,47.44404761904762,8.268524492987371,76.75
2019-10-23,Lions Sight,pm2.5,11,18.775,18.463690476190475,2.493498746626858,22.85
2019-10-23,Malaria,pm10,17.35,26.35,36.30613496932515,40.32553826303987,355.2
2019-10-23,Malaria,pm2.5,11.4,14.1,19.807975460122698,21.38595862061953,182.1
2019-10-23,Mercy James,pm10,15.95,24.65,25.404242424242423,4.509104631189932,39.75
2019-10-23,Mercy James,pm2.5,7.9,10.7,10.792727272727273,1.464126462132803,16.05
2019-10-23,Ward 6B,pm10,23.4,38.375,39.59753086419753,8.981682191188549,68.2
2019-10-23,Ward 6B,pm2.5,11.6,14.5,14.571604938271605,1.4401936177547188,18.2
2019-10-23,uMoyo,pm10,28.3,38.725,39.1490625,5.633367213274063,54
2019-10-23,uMoyo,pm2.5,19.8,25.175,25.774375,3.1562954336975286,33.2
2019-10-24,Administration,pm10,24.4,33.2,35.02047244094488,7.050623985871504,73.45
2019-10-24,Administration,pm2.5,10.4,13.6,13.265354330708663,1.6159165317521398,16.9
2019-10-24,Guardian Shelter,pm10,23.35,79.1,103.43425196850394,75.71625814226887,388.3
2019-10-24,Guardian Shelter,pm2.5,8.4,37.825,61.19114173228346,65.02231321390637,345.65
2019-10-24,Lighthouse Clinic,pm10,13.1,267.9,315.71763285024156,240.06562910458285,950.8
2019-10-24,Lighthouse Clinic,pm2.5,4,113.05,142.76315789473682,121.13380120671295,544.95
2019-10-24,Lions Sight,pm10,9.6,20.425,26.443089430894307,11.86406738459687,53.6
2019-10-24,Lions Sight,pm2.5,5.5,7.65,10.572560975609756,4.9376468354649505,25.2
2019-10-24,Malaria,pm10,14.1,36.375,54.502559055118105,44.634689616270066,255
2019-10-24,Malaria,pm2.5,8.9,17.725,26.08996062992126,21.130199797368338,120
2019-10-24,Mercy James,pm10,9.6,19.275,20.413976377952757,5.498522217515803,48.35
2019-10-24,Mercy James,pm2.5,5.45,7.175000000000001,7.640944881889764,1.7044514762511287,17.4
2019-10-24,Ward 6B,pm10,13.1,27,27.233204633204632,8.291234616959455,55.85
2019-10-24,Ward 6B,pm2.5,5.3,7.45,8.242277992277991,2.0232797803832208,13
2019-10-24,uMoyo,pm10,10,21.125,49.96594488188976,76.17687299918335,438.1
2019-10-24,uMoyo,pm2.5,3.4,6.4,28.019488188976375,53.75876750015965,320.3
2019-10-25,Administration,pm10,12.85,24.4,25.378063241106723,8.943396905997568,79.4
2019-10-25,Administration,pm2.5,4.4,6.25,8.419169960474308,3.2736256814045177,14.4
2019-10-25,Guardian Shelter,pm10,7.9,47.375,60.69234693877551,44.76241059939422,296.1
2019-10-25,Guardian Shelter,pm2.5,3.4,22.15,33.77576530612246,38.34236643080167,266.15
2019-10-25,Lighthouse Clinic,pm10,16.15,105.1,179.55463414634147,168.2394883249791,751.1
2019-10-25,Lighthouse Clinic,pm2.5,3.4,37.7,70.0009756097561,75.58251090646482,362.1
2019-10-25,Lions Sight,pm10,10.15,18.15,19.937647058823533,7.5155596048567626,59
2019-10-25,Lions Sight,pm2.5,2.9,5.8,5.736274509803922,1.867682003468464,12.4
2019-10-25,Malaria,pm10,7,18.025,19.467322834645667,8.180923239917437,58.9
2019-10-25,Malaria,pm2.5,3.75,8.55,8.599015748031496,3.5822725877620845,25.5
2019-10-25,Mercy James,pm10,3.65,15.325,16.388188976377954,7.430514631933113,47.7
2019-10-25,Mercy James,pm2.5,2.1,6,5.768503937007873,2.410146561643305,14.2
2019-10-25,Ward 6B,pm10,10.8,26.25,40.64268292682926,40.873632378257405,298.4
2019-10-25,Ward 6B,pm2.5,4.35,6.2,7.302439024390243,3.3657358334171796,27.7
2019-10-25,uMoyo,pm10,7,17,17.161858974358974,5.763679694317956,34.6
2019-10-25,uMoyo,pm2.5,3.75,5.875,6.161538461538462,1.5698350658572497,12.4
2019-10-26,Administration,pm10,11.35,18.575000000000003,18.643700787401574,3.0507012873928785,28.05
2019-10-26,Administration,pm2.5,3.65,4.8,4.749606299212599,0.4598073175670721,6
2019-10-26,Guardian Shelter,pm10,8,29.35,40.01751968503937,37.68854023924544,366.45
2019-10-26,Guardian Shelter,pm2.5,3.8,8.475,19.80196850393701,33.759961727948124,327.15
2019-10-26,Lighthouse Clinic,pm10,8.6,88.85,135.24882352941177,131.4167789962913,609.5
2019-10-26,Lighthouse Clinic,pm2.5,3.1,29.5,51.92823529411765,56.78584846118114,289.4
2019-10-26,Lions Sight,pm10,9.4,17.9,18.688779527559056,5.383840013147509,38.75
2019-10-26,Lions Sight,pm2.5,2.75,3.5,3.6860236220472444,0.6046522008764811,5.8
2019-10-26,Malaria,pm10,4.5,14.6,14.97775590551181,5.193463442931678,29.7
2019-10-26,Malaria,pm2.5,2.75,5.925000000000001,6.108070866141732,1.9736014257806753,12.95
2019-10-26,Mercy James,pm10,3.9,10.649999999999999,12.016535433070866,5.388564069577453,33.75
2019-10-26,Mercy James,pm2.5,1.7,2.7,3.088976377952756,1.3587938354242073,10.5
2019-10-26,Ward 6B,pm10,9.2,25.25,28.073540856031126,12.296785669596277,90.6
2019-10-26,Ward 6B,pm2.5,4.1,6.3,6.5601167315175095,1.4697984243410813,14.6
2019-10-26,uMoyo,pm10,4.5,14.6,14.97775590551181,5.193463442931678,29.7
2019-10-26,uMoyo,pm2.5,2.75,5.925000000000001,6.108070866141732,1.9736014257806753,12.95
2019-10-27,Administration,pm10,10.9,41.3,45.88023255813953,32.29191025086603,271.85
2019-10-27,Administration,pm2.5,3.8,10.350000000000001,9.44922480620155,3.7604639196380782,28.45
2019-10-27,Guardian Shelter,pm10,13.55,80.92500000000001,114.24488636363633,94.08579584323404,448.05
2019-10-27,Guardian Shelter,pm2.5,5.8,54.224999999999994,88.82007575757572,87.4204729003654,400.15
2019-10-27,Lighthouse Clinic,pm10,8.75,94.85,127.04429133858268,106.40517367623126,457.95
2019-10-27,Lighthouse Clinic,pm2.5,3.7,35.7,49.5498031496063,45.06914286184084,187.55
2019-10-27,Lions Sight,pm10,8,18.7,21.950972762645915,10.893077155212453,52.05
2019-10-27,Lions Sight,pm2.5,2.8,4,5.026264591439689,2.392481071966485,11.75
2019-10-27,Malaria,pm10,6.8,18.525,18.763976377952755,8.039530024771512,47.85
2019-10-27,Malaria,pm2.5,3.25,7.775,8.329133858267717,4.137366794220243,23.5
2019-10-27,Mercy James,pm10,4.4,14.9,15.53248031496063,5.763082569354008,50.7
2019-10-27,Mercy James,pm2.5,2.2,4.05,4.6860236220472435,2.3748957820764205,20.35
2019-10-27,Ward 6B,pm10,12.35,26.55,29.825,12.622905453771795,98.9
2019-10-27,Ward 6B,pm2.5,4.6,6.7,6.887795275590551,1.208267248783778,11
2019-10-27,uMoyo,pm10,6.8,18.525,18.763976377952755,8.039530024771512,47.85
2019-10-27,uMoyo,pm2.5,3.25,7.775,8.329133858267717,4.137366794220243,23.5
2019-10-28,Administration,pm10,19,39.525,41.87365384615384,14.060850524982209,122.25
2019-10-28,Administration,pm2.5,6.3,18.85,15.217307692307692,5.2997075447047175,21.9
2019-10-28,Guardian Shelter,pm10,18.45,164.625,204.98011811023622,170.4070901456942,802.8
2019-10-28,Guardian Shelter,pm2.5,13.35,143.925,178.9874015748032,149.30858136460492,674.9
2019-10-28,Lighthouse Clinic,pm10,14.25,39.9,63.90305343511452,68.24860116897665,430.5
2019-10-28,Lighthouse Clinic,pm2.5,4.7,13.475,23.74656488549619,27.906743435072215,177.8
2019-10-28,Lions Sight,pm10,26.8,45.925,48.72263779527559,15.507734565514568,136.15
2019-10-28,Lions Sight,pm2.5,5.8,7.8,8.288582677165355,1.7255140607279573,13.4
2019-10-28,Malaria,pm10,13.15,25.8,27.818235294117645,10.444082962175127,69.5
2019-10-28,Malaria,pm2.5,4.8,7.1,7.6196078431372545,2.0750030459936983,17
2019-10-28,Mercy James,pm10,12.05,32.275,37.4794921875,22.665524899212055,241.3
2019-10-28,Mercy James,pm2.5,3.6,6.8,7.6208984375,2.6379996085561963,19.3
2019-10-28,Ward 6B,pm10,12.05,28.9,34.17471264367816,17.09461601065447,155.1
2019-10-28,Ward 6B,pm2.5,5.9,16.25,13.5588122605364,4.788875221964066,23.6
2019-10-28,uMoyo,pm10,13.15,25.8,27.818235294117645,10.444082962175127,69.5
2019-10-28,uMoyo,pm2.5,4.8,7.1,7.6196078431372545,2.0750030459936983,17
2019-10-29,Administration,pm10,23.2,32,32.37677165354331,5.113526568177981,46.9
2019-10-29,Administration,pm2.5,13.9,17.174999999999997,17.240748031496064,1.9795902856669052,21.9
2019-10-29,Guardian Shelter,pm10,15.9,79.5,90.11156862745098,59.68175453437485,656.35
2019-10-29,Guardian Shelter,pm2.5,11.25,46.85,54.715294117647055,35.046613804828674,277.2
2019-10-29,Lighthouse Clinic,pm10,19.2,36.3,47.042322834645674,34.438133079453266,229.8
2019-10-29,Lighthouse Clinic,pm2.5,11.6,14.075,17.468503937007874,11.031248828549547,88.55
2019-10-29,Lions Sight,pm10,18.3,38.45,38.89597701149425,10.598110004920336,78.2
2019-10-29,Lions Sight,pm2.5,5.2,8.1,9.42049808429119,3.301589264889679,17
2019-10-29,Malaria,pm10,11.5,18.924999999999997,21.405905511811024,6.798440922680652,43.7
2019-10-29,Malaria,pm2.5,6,7.5,7.769685039370079,1.2433722708686321,13.5
2019-10-29,Mercy James,pm10,10.45,23.625,26.57751937984496,12.410002024287243,104.7
2019-10-29,Mercy James,pm2.5,4,6.025,6.422674418604651,1.9390115965113002,15.8
2019-10-29,Ward 6B,pm10,18.75,35.1,36.99370078740157,11.07110773889607,92.85
2019-10-29,Ward 6B,pm2.5,16,17.95,18.17047244094488,1.0594269897771755,21.4
2019-10-29,uMoyo,pm10,11.5,18.924999999999997,21.405905511811024,6.798440922680652,43.7
2019-10-29,uMoyo,pm2.5,6,7.5,7.769685039370079,1.2433722708686321,13.5
2019-10-30,Administration,pm10,20.8,26.424999999999997,27.02246376811594,3.0531130006974907,37.05
2019-10-30,Administration,pm2.5,12.9,14.1,14.217753623188406,0.7043089672417508,15.9
2019-10-30,Guardian Shelter,pm10,38,56.7,85.77252964426876,94.66298809882211,837.1
2019-10-30,Guardian Shelter,pm2.5,20.6,33.2,50.40118577075099,57.29934691877848,496.75
2019-10-30,Lighthouse Clinic,pm10,12.05,71,111.56476377952755,104.09979852007525,563.4
2019-10-30,Lighthouse Clinic,pm2.5,7.85,32.675,45.599606299212596,41.8634163949319,246.35
2019-10-30,Lions Sight,pm10,22.35,37.349999999999994,39.34232283464567,11.79131245976563,117.35
2019-10-30,Lions Sight,pm2.5,10.5,14.2,14.030314960629921,1.610798018417868,18.65
2019-10-30,Malaria,pm10,19.4,30.375,31.993503937007876,8.164737101871204,65.8
2019-10-30,Malaria,pm2.5,7.1,18.65,18.736023622047245,2.8072801205667255,28.2
2019-10-30,Mercy James,pm10,17.25,28.45,29.77716535433071,12.574307603040019,150.05
2019-10-30,Mercy James,pm2.5,10.2,13.55,14.550393700787401,9.419473555237882,114.05
2019-10-30,Ward 6B,pm10,22.1,49.650000000000006,48.949609375,13.297784713183857,115.4
2019-10-30,Ward 6B,pm2.5,13.8,33.4,29.027734374999998,8.594444873867713,39.7
2019-10-30,uMoyo,pm10,19.4,30.375,31.993503937007876,8.164737101871204,65.8
2019-10-30,uMoyo,pm2.5,7.1,18.65,18.736023622047245,2.8072801205667255,28.2
2019-10-31,Guardian Shelter,pm10,38,55.375,64.63208661417323,30.080560213258256,278.6
2019-10-31,Guardian Shelter,pm2.5,20.6,27.4,37.31496062992126,26.624166052341128,231.3
2019-10-31,Lighthouse Clinic,pm10,31.35,46,52.65044642857143,25.434999734826373,195
2019-10-31,Lighthouse Clinic,pm2.5,26,29.1,32.19776785714286,12.162165133660084,103.15
2019-10-31,Lions Sight,pm10,24.4,32.05,32.294444444444444,6.529095264071451,44.3
2019-10-31,Lions Sight,pm2.5,11.4,12.649999999999999,12.627777777777778,0.7083996508747566,13.6
2019-10-31,Malaria,pm10,13.45,20.325000000000003,20.46003937007874,3.121449381858237,30
2019-10-31,Malaria,pm2.5,10.85,13.125,13.38976377952756,1.3946019390798452,16.3
2019-10-31,Mercy James,pm10,12.25,20.025,20.08799212598425,4.365717538778276,52.15
2019-10-31,Mercy James,pm2.5,7.7,9.8,9.791929133858268,1.0628118323605409,14.15
2019-10-31,Ward 6B,pm10,31.35,46,52.65044642857143,25.434999734826373,195
2019-10-31,Ward 6B,pm2.5,26,29.1,32.19776785714286,12.162165133660084,103.15
2019-10-31,uMoyo,pm10,23.9,24.6,25.133333333333333,1.5695009822658066,26.9
2019-10-31,uMoyo,pm2.5,15,15.2,15.183333333333334,0.1755942292142121,15.35
2019-11-01,Administration,pm10,26.4,33.35,33.81808510638298,4.890187976944039,61.9
2019-11-01,Administration,pm2.5,13.3,14.9,14.974822695035462,0.8404850664407001,17.6
2019-11-01,Guardian Shelter,pm10,30.7,57.4,67.83755760368663,39.97263974024458,358.05
2019-11-01,Guardian Shelter,pm2.5,13.9,29.05,37.683179723502306,31.9687192384987,319.8
2019-11-01,Lighthouse Clinic,pm10,29.2,89.2,125.33410852713178,100.72051464178926,551.95
2019-11-01,Lighthouse Clinic,pm2.5,13.8,33.55,50.215891472868215,41.5521302780541,242.1
2019-11-01,Lions Sight,pm10,23.05,33.15,34.391726618705036,8.165439712154942,98.95
2019-11-01,Lions Sight,pm2.5,9.9,11.65,12.274820143884892,1.9767614975363133,19.05
2019-11-01,Malaria,pm10,15.55,25.924999999999997,26.299705882352942,4.3694355892499726,44.8
2019-11-01,Malaria,pm2.5,11.3,13.4,13.435882352941176,0.9865699279643898,16.85
2019-11-01,Mercy James,pm10,13.1,34.6,35.245652173913044,12.386964407321953,83
2019-11-01,Mercy James,pm2.5,7.6,11.3,13.254037267080747,4.834333508727184,26.6
2019-11-01,Ward 6B,pm10,23.1,30.6,32.25267175572519,8.098445513176493,84.55
2019-11-01,Ward 6B,pm2.5,13.4,14.9,15.334351145038168,1.3449490120370542,20.4
2019-11-01,uMoyo,pm10,25.35,43.7,75.6388,86.91089241471737,438.1
2019-11-01,uMoyo,pm2.5,15.9,28.95,48.93560000000001,55.04573678080743,278.4
2019-11-02,Administration,pm10,24.9,33.7,33.98503937007874,3.9789804191915144,48.55
2019-11-02,Administration,pm2.5,13.8,15.55,15.700590551181103,0.9746336322252156,19.5
2019-11-02,Guardian Shelter,pm10,15.55,32.2,34.90705882352941,18.029330029577473,176
2019-11-02,Guardian Shelter,pm2.5,5.8,14.2,14.952745098039212,7.889087968212946,52.6
2019-11-02,Lighthouse Clinic,pm10,15.8,49.775,87.28070866141732,90.85407283812032,559.3
2019-11-02,Lighthouse Clinic,pm2.5,5.9,18.4,32.96555118110236,36.85740287286861,246.55
2019-11-02,Lions Sight,pm10,23.3,32.875,34.53562992125984,7.512899328554748,73.2
2019-11-02,Lions Sight,pm2.5,10.6,13.3,13.92047244094488,1.882022861868893,18.6
2019-11-02,Malaria,pm10,19.85,25.95,26.587992125984254,3.7784158568492083,44.4
2019-11-02,Malaria,pm2.5,11.8,13.7,13.742125984251969,0.8384044039361555,17
2019-11-02,Mercy James,pm10,20.55,33.575,34.08661417322835,6.378071836266271,56.1
2019-11-02,Mercy James,pm2.5,8.75,11.425,11.895669291338583,2.025699738782003,19.4
2019-11-02,Ward 6B,pm10,19.85,34.7,38.93976377952756,14.65501147078369,145.25
2019-11-02,Ward 6B,pm2.5,13.2,15,15.358070866141732,1.495442291475018,22.2
2019-11-02,uMoyo,pm10,10,24.75,29.174709976798148,30.301650862186253,367.85
2019-11-02,uMoyo,pm2.5,3.4,8.2,11.989327146171698,25.150886567427605,320.3
2019-11-03,Administration,pm10,25.35,36.5,36.4784046692607,4.731471942414231,50.85
2019-11-03,Administration,pm2.5,12.4,14.15,14.909922178988326,2.5416085876212793,22.95
2019-11-03,Guardian Shelter,pm10,16.65,25.85,30.231496062992125,18.324076262542633,218.2
2019-11-03,Guardian Shelter,pm2.5,5.9,9.1,13.378740157480317,15.00694571691378,163.4
2019-11-03,Lighthouse Clinic,pm10,17.2,35.7,89.82834645669291,121.00716097624829,756.3
2019-11-03,Lighthouse Clinic,pm2.5,5.55,11.45,32.948031496062995,49.686117903446736,324.9
2019-11-03,Lions Sight,pm10,18.15,32.6,39.32254901960785,14.606902672423159,75.2
2019-11-03,Lions Sight,pm2.5,10.1,19.9,19.721568627450978,6.217550842140531,36.5
2019-11-03,Malaria,pm10,19.25,25.55,25.98780991735537,3.418221577385003,37.6
2019-11-03,Malaria,pm2.5,10.3,11.6,11.705165289256199,0.7929697408542757,14.7
2019-11-03,Mercy James,pm10,19.15,29.875,31.94044117647059,7.65652593762675,65.05
2019-11-03,Mercy James,pm2.5,8,9.225,11.581249999999999,6.065961306674654,34.3
2019-11-03,Ward 6B,pm10,21.1,30.5,32.78794466403162,8.741415455836028,74.45
2019-11-03,Ward 6B,pm2.5,11.4,13,13.347628458498024,1.3256453610652752,17.3
2019-11-03,uMoyo,pm10,16.2,39.65,38.69365558912387,9.26029021024673,58.6
2019-11-03,uMoyo,pm2.5,7,24,20.144259818731115,6.829460268317847,31.6
2019-11-04,Administration,pm10,30.7,41.2,43.36392156862745,7.9531051922220115,62.6
2019-11-04,Administration,pm2.5,11.1,24.65,25.578823529411764,4.694608923134757,33.15
2019-11-04,Guardian Shelter,pm10,22,41.95,48.425,23.82749422883775,240.55
2019-11-04,Guardian Shelter,pm2.5,8.2,15.149999999999999,21.506692913385827,19.97752132247418,199.5
2019-11-04,Lighthouse Clinic,pm10,20.45,40.95,66.98051181102362,71.55265788169328,706.8
2019-11-04,Lighthouse Clinic,pm2.5,7.9,13.425,22.31318897637796,27.35443568144503,291.9
2019-11-04,Lions Sight,pm10,20.45,30.975,31.453346456692913,4.349089975917233,53.85
2019-11-04,Lions Sight,pm2.5,12.2,14.4,14.988385826771653,2.1173135695345375,25.35
2019-11-04,Malaria,pm10,27.4,31,31.46470588235294,2.7312865962011816,38.4
2019-11-04,Malaria,pm2.5,15.55,17.4,17.24705882352941,0.8668316208027539,18.7
2019-11-04,Mercy James,pm10,28.6,49.925,50.383464566929135,13.445988506676056,80.5
2019-11-04,Mercy James,pm2.5,18.4,26.65,28.554527559055124,6.555864313005712,44.05
2019-11-04,Ward 6B,pm10,17.1,33.8,32.952952755905514,7.659070750721501,68
2019-11-04,Ward 6B,pm2.5,12.15,17.525,17.134055118110236,2.3114108786441268,21.3
2019-11-04,uMoyo,pm10,12.6,30.424999999999997,33.410039370078735,10.052363279762886,100.65
2019-11-04,uMoyo,pm2.5,8.65,16.5,17.218897637795276,8.094571765116843,90
2019-11-05,Administration,pm10,22.9,31.8,32.19112903225806,4.589510344019085,52.95
2019-11-05,Administration,pm2.5,9.05,10.95,11.01633064516129,0.8601651307594846,13.9
2019-11-05,Guardian Shelter,pm10,19.5,41.525000000000006,51.90728346456693,33.455495127876176,262.3
2019-11-05,Guardian Shelter,pm2.5,11.65,20.65,30.672637795275595,26.569751020645995,211.5
2019-11-05,Lighthouse Clinic,pm10,16.45,35.55,56.43385826771654,52.47132357491236,373.95
2019-11-05,Lighthouse Clinic,pm2.5,8.9,14.15,20.266141732283465,16.129193552675673,124.5
2019-11-05,Lions Sight,pm10,20.3,27.3,27.94105058365759,4.313880855168295,51.15
2019-11-05,Lions Sight,pm2.5,3.9,11.7,11.801167315175098,1.8601439059391418,16.2
2019-11-05,Malaria,pm10,17,28.25,29.58188976377953,8.950185303558643,88.25
2019-11-05,Malaria,pm2.5,10.75,15.4,16.080708661417322,4.037365238975675,43.4
2019-11-05,Mercy James,pm10,49.95,76.475,74.96161417322834,9.251664360080136,96.2
2019-11-05,Mercy James,pm2.5,28.35,41.175,41.27244094488189,6.281408695826803,57.3
2019-11-05,Ward 6B,pm10,17.55,29.75,29.81627450980392,3.8035209344962,40.2
2019-11-05,Ward 6B,pm2.5,9.7,16.5,15.799019607843137,2.3814177730608797,18.65
2019-11-05,uMoyo,pm10,9.35,34.95,34.3498031496063,8.895481708303203,60.9
2019-11-05,uMoyo,pm2.5,3.5,20.85,18.061023622047248,7.380948163075059,31.85
2019-11-06,Administration,pm10,19.7,28.05,28.643529411764707,4.6970198390283615,49.4
2019-11-06,Administration,pm2.5,10.8,14.1,14.459999999999999,2.98626251015003,31.4
2019-11-06,Guardian Shelter,pm10,14.7,44.225,56.42578740157481,60.966392562663735,689.45
2019-11-06,Guardian Shelter,pm2.5,6.7,19.4,22.09488188976378,10.03810690828706,84.5
2019-11-06,Lighthouse Clinic,pm10,21.35,51.85,85.58647058823529,92.6678145933633,739.1
2019-11-06,Lighthouse Clinic,pm2.5,10.3,20.85,37.12568627450981,39.030242123463054,255.5
2019-11-06,Lions Sight,pm10,29.8,44.35,45.17058823529412,8.202960482425782,76.75
2019-11-06,Lions Sight,pm2.5,10.2,18.4,17.47764705882353,3.2697116274850018,25.2
2019-11-06,Malaria,pm10,13,39.45,37.090980392156865,14.036998952277097,121.6
2019-11-06,Malaria,pm2.5,9.5,21.7,20.369019607843136,6.876981534023417,66.6
2019-11-06,Mercy James,pm10,10.8,22,26.716274509803924,11.510500163712951,59.95
2019-11-06,Mercy James,pm2.5,6.4,10.5,13.322549019607841,5.831928424304407,29
2019-11-06,Ward 6B,pm10,13.25,27.75,30.938385826771654,11.746777076817564,61.55
2019-11-06,Ward 6B,pm2.5,4.6,6.9,10.46535433070866,5.852338176055613,21.85
2019-11-06,uMoyo,pm10,5.85,40.8,38.60313725490196,11.582637442261689,60.45
2019-11-06,uMoyo,pm2.5,2.8,21.55,19.964117647058824,6.222406545256514,28.4
2019-11-07,Administration,pm10,16.8,22.2,22.610588235294117,4.047061445731995,54.5
2019-11-07,Administration,pm2.5,10.3,11.7,11.727058823529411,0.7510708735905629,14
2019-11-07,Guardian Shelter,pm10,35,60.15,72.68359683794466,36.50737283803408,278.6
2019-11-07,Guardian Shelter,pm2.5,13.6,29,41.68675889328063,32.19857676672603,231.3
2019-11-07,Lighthouse Clinic,pm10,12.55,124.05,155.77244094488188,132.71285806580508,790.65
2019-11-07,Lighthouse Clinic,pm2.5,4.3,57.55,76.36692913385828,67.36460882799153,398
2019-11-07,Lions Sight,pm10,9.6,18.3,21.41843137254902,8.945828520792322,52.55
2019-11-07,Lions Sight,pm2.5,5.5,7.3,8.264901960784314,2.74858472712076,17.4
2019-11-07,Malaria,pm10,12.8,31.6,35.87529411764706,17.029702439240094,126.4
2019-11-07,Malaria,pm2.5,8.1,15.9,17.719019607843137,8.495701844017871,80.75
2019-11-07,Mercy James,pm10,10.55,17.55,18.89450980392157,5.361372970870198,37.4
2019-11-07,Mercy James,pm2.5,5.5,7.35,7.883529411764706,1.8616475468515723,20.65
2019-11-07,Ward 6B,pm10,16,87.2,100.85375494071145,64.74439927768731,320.75
2019-11-07,Ward 6B,pm2.5,4.35,46.35,51.50355731225296,37.863077084977284,170.25
2019-11-07,uMoyo,pm10,12.8,40.5,38.74392156862745,14.351655379077659,62.8
2019-11-07,uMoyo,pm2.5,7.35,17.55,18.485294117647058,6.782483040353422,29.85
2019-11-08,Administration,pm10,14.8,37.65,33.02951388888889,11.008708009011821,54.95
2019-11-08,Administration,pm2.5,9.25,17.45,15.189583333333333,3.826766518362826,20.1
2019-11-08,Guardian Shelter,pm10,38,63.45,104.44633204633205,125.16015420895842,896.9
2019-11-08,Guardian Shelter,pm2.5,20.15,29.225,38.54734848484848,27.56180528944826,237.8
2019-11-08,Lighthouse Clinic,pm10,7.7,112.45,171.41958762886597,158.04275200030324,801.8
2019-11-08,Lighthouse Clinic,pm2.5,3.7,47.65,80.513230240549845,81.82693051261163,430.75
2019-11-08,Lions Sight,pm10,10.45,20.174999999999997,22.787244897959184,8.713944665457376,60.2
2019-11-08,Lions Sight,pm2.5,3.5,5.9,6.597108843537415,2.48478993729475,13
2019-11-08,Malaria,pm10,9.15,18.225,36.958687943262404,50.79429071002975,355.2
2019-11-08,Malaria,pm2.5,3.75,6.6,16.79024822695035,25.36714331028704,182.1
2019-11-08,Mercy James,pm10,7.1,16.525,17.517625899280574,5.2125970830784665,47
2019-11-08,Mercy James,pm2.5,3.05,5.9,5.876438848920863,1.7621964617752628,12.4
2019-11-08,Ward 6B,pm10,13.35,27.3,55.364473684210516,68.57635619763265,448.2
2019-11-08,Ward 6B,pm2.5,4.8,7.275,23.201879699248128,34.182850663340886,220.25
2019-11-08,uMoyo,pm10,14.5,31.2,35.43162544169611,30.13863001754369,366.9
2019-11-08,uMoyo,pm2.5,6.7,10.2,15.241872791519434,20.863459039094135,241.35
2019-11-09,Administration,pm10,11,21.525,25.817557251908394,10.960085059350764,47.2
2019-11-09,Administration,pm2.5,3.7,6.75,10.131679389312978,7.182987847005239,23.4
2019-11-09,Guardian Shelter,pm10,41,96.2,129.07603773584904,102.02501086594177,616.8
2019-11-09,Guardian Shelter,pm2.5,18.45,52.6,81.07735849056603,72.67449896500271,512.2
2019-11-09,Lighthouse Clinic,pm10,24.65,311,321.6967680608365,198.0350520264474,862.05
2019-11-09,Lighthouse Clinic,pm2.5,7.75,134.35000000000002,142.8284090909091,92.39894092960081,463.7
2019-11-09,Lions Sight,pm10,13.4,29.725,30.108858267716535,7.51930126917857,69.7
2019-11-09,Lions Sight,pm2.5,4.65,6.9,6.9690944881889765,1.3437895382285512,10.9
2019-11-09,Malaria,pm10,9.4,18.3,19.52224409448819,6.031937994691501,79.2
2019-11-09,Malaria,pm2.5,4.5,7.2,7.250787401574803,1.4746337959282005,11.7
2019-11-09,Mercy James,pm10,8.3,20.174999999999997,20.283464566929133,5.156589686832207,36.55
2019-11-09,Mercy James,pm2.5,3.4,5.775,5.81259842519685,1.393193058190004,12.2
2019-11-09,Ward 6B,pm10,11.9,21.9,22.917716535433073,5.575250672536863,51.5
2019-11-09,Ward 6B,pm2.5,4.6,7.074999999999999,7.459645669291338,1.6665375197647199,13.75
2019-11-09,uMoyo,pm10,22.75,33.95,34.377169811320755,6.188275319455998,53.6
2019-11-09,uMoyo,pm2.5,14.8,21.85,21.713773584905663,3.812959970471866,32.65
2019-11-10,Administration,pm10,9.8,15.075,17.523076923076925,7.320261071589057,46.45
2019-11-10,Administration,pm2.5,3.6,4.875,6.024807692307691,3.684834038783414,17.1
2019-11-10,Guardian Shelter,pm10,27.5,90.82499999999999,116.81358267716536,84.68462338176464,630.8
2019-11-10,Guardian Shelter,pm2.5,11,55.1,79.25275590551182,66.04083441747828,436.5
2019-11-10,Lighthouse Clinic,pm10,17.95,266.42499999999995,293.52874015748034,190.44262282827046,964.95
2019-11-10,Lighthouse Clinic,pm2.5,4.8,102.975,120.76338582677165,86.6710372248377,461.8
2019-11-10,Lions Sight,pm10,12.8,29.725,30.789583333333333,8.69704483138455,71.4
2019-11-10,Lions Sight,pm2.5,3.3,6.975,7.987878787878787,3.007058370914715,17.5
2019-11-10,Malaria,pm10,8.3,18.1,17.81403846153846,4.2982021291368495,33.6
2019-11-10,Malaria,pm2.5,4.4,6.85,8.725192307692309,3.5809812347737306,16.45
2019-11-10,Mercy James,pm10,7.7,19.9,19.89173076923077,6.4089162436079965,40.15
2019-11-10,Mercy James,pm2.5,3.2,5.5,7.361923076923078,3.885470926204998,24.25
2019-11-10,Ward 6B,pm10,12.8,24.85,25.193173431734316,5.398195813434373,47.55
2019-11-10,Ward 6B,pm2.5,5.8,14.5,13.319557195571955,3.7974681364881078,21.6
2019-11-10,uMoyo,pm10,10,27.6,53.431496062992125,75.27802914570262,438.1
2019-11-10,uMoyo,pm2.5,3.4,8.55,31.447834645669293,52.97907433531749,320.3
2019-11-11,Administration,pm10,26.6,36.1,37.3753937007874,5.52407548133065,54.4
2019-11-11,Administration,pm2.5,13.9,17.5,17.495866141732282,1.5239435003594533,20.7
2019-11-11,Guardian Shelter,pm10,37.9,116.25,133.91574803149607,88.48373115930983,622.9
2019-11-11,Guardian Shelter,pm2.5,22.5,86.625,106.37696850393701,80.35492482566413,555.05
2019-11-11,Lighthouse Clinic,pm10,13.3,189.2,244.44036144578314,229.64482281259222,957.05
2019-11-11,Lighthouse Clinic,pm2.5,6.2,80.7,123.00252918287937,131.65491240502618,630.4
2019-11-11,Lions Sight,pm10,21,35.7,35.925196850393704,5.193203501627692,50.1
2019-11-11,Lions Sight,pm2.5,10.1,13.35,13.92716535433071,2.4655111625600044,23.35
2019-11-11,Malaria,pm10,12.95,19.05,18.950787401574804,2.843614886479435,25.55
2019-11-11,Malaria,pm2.5,9.5,11.775,11.941338582677165,1.2346063123800775,15.7
2019-11-11,Mercy James,pm10,10.9,19.424999999999997,19.534251968503938,3.0072849677029923,28
2019-11-11,Mercy James,pm2.5,6.9,9.8,9.773425196850393,1.2663603195020168,15.4
2019-11-11,Ward 6B,pm10,12.25,21.575000000000003,21.7560546875,4.325248770011703,42.6
2019-11-11,Ward 6B,pm2.5,8,9.625,9.8521484375,1.0725566274357603,14.2
2019-11-11,uMoyo,pm10,13.5,31.75,35.170275590551185,15.482827166829052,106.2
2019-11-11,uMoyo,pm2.5,4.9,16.4,16.290748031496065,7.8619903538234315,41.5
2019-11-12,Administration,pm10,19.35,28.25,28.54329501915709,4.023018272909955,42.9
2019-11-12,Administration,pm2.5,10,12.25,12.2911877394636,1.067437138845919,14.95
2019-11-12,Guardian Shelter,pm10,34.4,50.349999999999994,54.56785714285714,13.68967237994138,105.3
2019-11-12,Guardian Shelter,pm2.5,19.1,29.05,31.91785714285714,11.008197063888465,58.5
2019-11-12,Lighthouse Clinic,pm10,15,188.05,248.12176470588236,227.19758568212586,986.25
2019-11-12,Lighthouse Clinic,pm2.5,3.4,73,112.25766283524904,119.20587539847462,663.8
2019-11-12,Lions Sight,pm10,15.8,26.5,27.088505747126437,5.962724118426647,47.35
2019-11-12,Lions Sight,pm2.5,7,9,9.108045977011495,1.1049592812690423,12.2
2019-11-12,Malaria,pm10,11.35,16.85,20.09077253218884,8.930859339310668,63.2
2019-11-12,Malaria,pm2.5,8.5,10.4,12.604291845493563,5.4338659906289815,39.65
2019-11-12,Mercy James,pm10,1.4,14.025,12.24826923076923,6.843896957457833,32.3
2019-11-12,Mercy James,pm2.5,1,7.4,6.632500000000001,3.594404099446226,16.3
2019-11-12,Ward 6B,pm10,11.2,22.475,24.314807692307692,9.079359571750931,65.2
2019-11-12,Ward 6B,pm2.5,4.6,9.1,10.403076923076924,3.954405948221098,19.75
2019-11-12,uMoyo,pm10,21.3,30.8,31.130357142857143,4.134452569802688,42.45
2019-11-12,uMoyo,pm2.5,9.8,15.775,14.403571428571428,2.869429102909388,20
2019-11-13,Administration,pm10,20.05,31.15,31.174015748031497,4.691649508901482,45.55
2019-11-13,Administration,pm2.5,10.4,12.4,12.349015748031496,0.988945327817012,14.9
2019-11-13,Guardian Shelter,pm10,21.9,50.25,75.51186868686868,59.84541548321228,371.65
2019-11-13,Guardian Shelter,pm2.5,11.15,32.5,53.76717171717171,51.65548882713591,325.45
2019-11-13,Lighthouse Clinic,pm10,17,39.375,68.63228346456692,75.21066829642736,495.75
2019-11-13,Lighthouse Clinic,pm2.5,4.4,14.5,26.014370078740157,30.332738092604107,208.4
2019-11-13,Lions Sight,pm10,13.05,20.975,21.175984251968504,3.572694261245426,35.5
2019-11-13,Lions Sight,pm2.5,6.3,8.025,8.06259842519685,0.9286602297342131,10.7
2019-11-13,Malaria,pm10,11.6,18.674999999999997,20.051181102362204,5.936465206909163,45.55
2019-11-13,Malaria,pm2.5,7.3,9.5,10.809055118110237,3.0294301980757408,22.4
2019-11-13,Mercy James,pm10,0.7,1.8,1.9405511811023621,0.6267972509614484,4.2
2019-11-13,Mercy James,pm2.5,0.7,1.2,1.1905511811023621,0.21247946038512994,2.2
2019-11-13,Ward 6B,pm10,22.1,48.5,47.157677165354336,14.438350957695247,115.4
2019-11-13,Ward 6B,pm2.5,13.8,32.75,26.671850393700787,9.29882291635363,39.7
2019-11-13,uMoyo,pm10,16.2,27.25,27.55176767676768,4.855047026654955,47.95
2019-11-13,uMoyo,pm2.5,7,9,8.887121212121212,1.046676293999658,11.9
2019-11-14,Administration,pm10,18.7,26.2,26.544117647058822,3.2080465748355276,34.1
2019-11-14,Administration,pm2.5,9.1,10.5,10.431764705882353,0.47799798586040015,11.7
2019-11-14,Guardian Shelter,pm10,18,42.275000000000006,48.002027027027026,24.002962772588575,123.2
2019-11-14,Guardian Shelter,pm2.5,10.3,28.5,36.472972972972975,23.008933924791553,110.3
2019-11-14,Lighthouse Clinic,pm10,17.85,196.75,220.7416,167.13136237026833,791.7
2019-11-14,Lighthouse Clinic,pm2.5,10.3,81.1,99.77080000000001,79.68358018417433,372.75
2019-11-14,Lions Sight,pm10,12.45,18.65,19.208055555555557,3.133559401389417,28.45
2019-11-14,Lions Sight,pm2.5,6.3,7.05,7.085555555555556,0.36789788208814295,8
2019-11-14,Malaria,pm10,10.15,22.675,26.72848837209302,14.719180391102931,92.5
2019-11-14,Malaria,pm2.5,6.9,10.850000000000001,14.555523255813952,7.898523902702406,44
2019-11-14,Mercy James,pm10,0.75,1.7,1.7869565217391303,0.5235850497749398,3.7
2019-11-14,Mercy James,pm2.5,0.7,1.1,1.1381987577639752,0.2165435527750646,2.4
2019-11-14,Ward 6B,pm10,31.35,46.1,51.21764705882353,22.036388469884663,195
2019-11-14,Ward 6B,pm2.5,26,29.9,32.35228758169934,10.417248064270247,103.15
2019-11-14,uMoyo,pm10,17.25,29.175,29.922972972972975,6.696606118483365,50.75
2019-11-14,uMoyo,pm2.5,7.95,9.45,9.67972972972973,1.0894550264790526,12.6
2019-11-15,Administration,pm10,27.7,44.05,46.382208588957056,12.553244232907954,85.9
2019-11-15,Administration,pm2.5,10.6,13.6,13.84325153374233,1.5293074699270888,18.6
2019-11-15,Guardian Shelter,pm10,14.3,144.625,184.2922297297297,131.04197264874625,527.1
2019-11-15,Guardian Shelter,pm2.5,9.3,128.52499999999998,161.5233108108108,116.50760849516773,463.1
2019-11-15,Lions Sight,pm10,27.45,37.65,39.99130434782609,8.95764262588341,67.7
2019-11-15,Lions Sight,pm2.5,7.1,9,9.021739130434783,0.8250905747381552,11.05
2019-11-15,Malaria,pm10,15.05,22.65,24.48921568627451,7.547692530747374,71.4
2019-11-15,Malaria,pm2.5,7.75,9.25,9.444771241830065,1.0973827026200256,13.4
2019-11-15,Mercy James,pm10,0.4,0.875,0.9506329113924051,0.4382575276774965,4.2
2019-11-15,Mercy James,pm2.5,0.3,0.675,0.6822784810126582,0.17164212040104587,1.4
2019-11-15,Ward 6B,pm10,17.05,29.2,31.625,9.093970179418946,69.35
2019-11-15,Ward 6B,pm2.5,8.9,11.025,11.426666666666666,2.377951480549566,32.9
2019-11-15,uMoyo,pm10,12.8,50.4,42.764110429447854,16.499841478103505,62.8
2019-11-15,uMoyo,pm2.5,7.35,25.9,21.319018404907972,8.16757215046139,29.2
2019-11-16,Administration,pm10,24.5,38.375,41.19783464566929,14.015564655231016,130.8
2019-11-16,Administration,pm2.5,9.7,12.1,12.750590551181102,2.363897942776494,22.35
2019-11-16,Guardian Shelter,pm10,9.3,149,175.27256809338522,138.52678207470527,777.8
2019-11-16,Guardian Shelter,pm2.5,4.4,128,151.66770428015565,121.34424095228917,685.4
2019-11-16,Lighthouse Clinic,pm10,14.85,29,32.09640522875817,26.39451766277419,319.3
2019-11-16,Lighthouse Clinic,pm2.5,7.3,11.15,12.720915032679738,10.820876530764451,134.25
2019-11-16,Lions Sight,pm10,19.4,32.95,33.47381889763779,6.953393233036538,55.9
2019-11-16,Lions Sight,pm2.5,6.7,8.5,8.59488188976378,0.9710907164990934,11.7
2019-11-16,Malaria,pm10,14.5,20.35,24.204789272030652,13.677661675071894,122.2
2019-11-16,Malaria,pm2.5,7.5,10.5,13.441954022988504,11.683146655866878,102.75
2019-11-16,Mercy James,pm10,0.3,0.8,0.8627952755905511,0.30412782933888566,1.95
2019-11-16,Mercy James,pm2.5,0.3,0.625,0.6466535433070866,0.13276707756303338,1.1
2019-11-16,Ward 6B,pm10,13.85,24.7,26.168631178707226,8.944497798494249,128
2019-11-16,Ward 6B,pm2.5,8.9,13.4,13.94619771863118,4.444232989113136,65.35
2019-11-16,uMoyo,pm10,5.35,20.35,25.300787401574805,15.939998641461711,60.9
2019-11-16,uMoyo,pm2.5,2.8,6.625,10.162007874015746,6.871741664375487,29.85
2019-11-17,Administration,pm10,17.8,31.725,31.226162790697675,5.173172679190865,51.35
2019-11-17,Administration,pm2.5,10.3,12.2,12.578100775193798,1.683195461783178,19.15
2019-11-17,Guardian Shelter,pm10,21.95,124.525,164.08720472440945,117.41462150660345,695.1
2019-11-17,Guardian Shelter,pm2.5,12.15,99.7,137.6177165354331,106.81232229834332,580.8
2019-11-17,Lighthouse Clinic,pm10,11.3,85.65,162.8742125984252,169.45692928813776,787.8
2019-11-17,Lighthouse Clinic,pm2.5,7.75,37.375,72.98622047244095,79.51619286630365,410.6
2019-11-17,Lions Sight,pm10,14.15,26.7,27.633460076045626,5.941012697790538,45.3
2019-11-17,Lions Sight,pm2.5,6.8,9,9.370342205323194,1.3883837453792387,13
2019-11-17,Malaria,pm10,9.5,17.9,19.092549019607844,5.555922158919566,42.9
2019-11-17,Malaria,pm2.5,7.1,10.4,10.792352941176471,2.1352797565475194,17.85
2019-11-17,Mercy James,pm10,0.3,1.1749999999999998,1.3285984848484846,0.7486910794641393,4.5
2019-11-17,Mercy James,pm2.5,0.3,0.8,0.8234848484848485,0.2801031446318957,2.4
2019-11-17,Ward 6B,pm10,17.75,26.85,29.11723484848485,11.379373822782558,119.05
2019-11-17,Ward 6B,pm2.5,8.8,12.3,12.43560606060606,1.6266381658342703,17
2019-11-17,uMoyo,pm10,6.05,15.1,21.2968992248062,13.108146770179212,51.2
2019-11-17,uMoyo,pm2.5,2.8,6.2,9.35406976744186,6.534951890642531,29.85
2019-11-18,Administration,pm10,17.9,28.2,28.280384615384616,4.51739450716374,40.55
2019-11-18,Administration,pm2.5,9.8,13.5,13.120384615384616,1.4616816907293335,16.1
2019-11-18,Guardian Shelter,pm10,11.75,72.82499999999999,89.8498046875,80.53588549772631,612.85
2019-11-18,Guardian Shelter,pm2.5,7.7,48.25,63.940234374999996,64.83257307642171,490.75
2019-11-18,Lighthouse Clinic,pm10,18.5,378.225,377.5126953125,226.231921832097,990.7
2019-11-18,Lighthouse Clinic,pm2.5,9.9,199.575,197.45546875000002,124.70416140584994,525.8
2019-11-18,Lions Sight,pm10,17.5,28.575000000000003,29.48011811023622,5.825103129405373,49.7
2019-11-18,Lions Sight,pm2.5,8.7,11.4,11.558267716535433,1.5583608975259389,15.9
2019-11-18,Malaria,pm10,6.6,13.2,23.748461538461534,19.006401521127003,106.2
2019-11-18,Malaria,pm2.5,5.1,8.1,11.782884615384619,7.227778175978589,41.5
2019-11-18,Mercy James,pm10,0.95,2.3,2.431496062992126,0.7931102318753601,5.15
2019-11-18,Mercy James,pm2.5,0.8,1.2,1.262992125984252,0.2642546829994921,2.8
2019-11-18,Ward 6B,pm10,12.5,20,23.143307086614172,12.396190065918816,114.85
2019-11-18,Ward 6B,pm2.5,7,8.825,9.151771653543307,1.9761039869942691,29.5
2019-11-18,uMoyo,pm10,5.85,34.425,35.21846153846154,32.97055293073441,366.9
2019-11-18,uMoyo,pm2.5,2.8,17.55,19.32480769230769,21.452985994284873,241.35
2019-11-19,Administration,pm10,18.75,28.375,29.512795275590552,5.943951293347306,57.8
2019-11-19,Administration,pm2.5,8.75,12.3,12.188188976377953,1.291060119793605,16.1
2019-11-19,Guardian Shelter,pm10,12.8,55.400000000000006,73.22972440944883,54.71968534947808,405.3
2019-11-19,Guardian Shelter,pm2.5,8.15,40.475,57.92677165354332,49.46460957698725,354.8
2019-11-19,Lighthouse Clinic,pm10,9.5,27.625,86.91369047619048,160.83848491004508,897.1
2019-11-19,Lighthouse Clinic,pm2.5,5.5,9.5,40.94370078740158,88.55718067271917,572.8
2019-11-19,Lions Sight,pm10,15.85,20.55,22.76401098901099,7.970178107903345,81.55
2019-11-19,Lions Sight,pm2.5,8.9,9.9,9.982967032967032,0.6526071716232755,13.55
2019-11-19,Malaria,pm10,13,19.725,25.098228346456693,15.321991571026027,121.6
2019-11-19,Malaria,pm2.5,9.5,11.45,14.263779527559054,7.6155010869249224,66.6
2019-11-19,Mercy James,pm10,0.5,2.7,2.7588235294117647,0.9330283583870443,5.3
2019-11-19,Mercy James,pm2.5,0.4,1.4,1.4098039215686275,0.3574047430830509,2.35
2019-11-19,Ward 6B,pm10,13.25,22.775,23.60192307692308,6.182535028227952,45.5
2019-11-19,Ward 6B,pm2.5,4.6,6.4,6.7846153846153845,1.4530248941316959,13.75
2019-11-19,uMoyo,pm10,14.35,45.175,46.50216535433071,7.510002897073469,62.8
2019-11-19,uMoyo,pm2.5,7.35,22.625,22.43208661417323,5.197210027651346,29.2
2019-11-20,Administration,pm10,15.85,27.325000000000003,30.36082677165354,13.115577397125595,116.2
2019-11-20,Administration,pm2.5,9,11.025,11.364763779527559,1.5902583077856607,17.95
2019-11-20,Guardian Shelter,pm10,10.85,84.825,107.09271653543307,77.80796897281326,476.7
2019-11-20,Guardian Shelter,pm2.5,5.4,70.75,90.81122047244095,69.67919786213167,415.55
2019-11-20,Lighthouse Clinic,pm10,11.9,24.775,34.0509842519685,45.139305118891144,446.5
2019-11-20,Lighthouse Clinic,pm2.5,4.8,9.025,12.49468503937008,17.83501744135983,179
2019-11-20,Lions Sight,pm10,21.95,32.325,32.6609756097561,5.513664419669654,45.5
2019-11-20,Lions Sight,pm2.5,8.1,9.95,10.13780487804878,1.3539735982164751,14.2
2019-11-20,Malaria,pm10,14,72.85,100.46200787401574,82.56209343419711,313.05
2019-11-20,Malaria,pm2.5,8.3,33.099999999999994,45.61515748031496,36.73403388721795,179.45
2019-11-20,Mercy James,pm10,1.25,3,3.0883858267716535,0.9325222675105779,6.2
2019-11-20,Mercy James,pm2.5,1,1.5,1.501771653543307,0.24669116853271728,2.2
2019-11-20,Ward 6B,pm10,16.3,28.05,38.5969512195122,29.76144488598118,170.95
2019-11-20,Ward 6B,pm2.5,4.35,10.225,10.216463414634147,2.957424794010024,15.1
2019-11-20,uMoyo,pm10,12.6,29.6,31.403740157480314,8.767638111304096,100.65
2019-11-20,uMoyo,pm2.5,8.65,17.975,18.836417322834645,7.7188429266016625,90
2019-11-21,Administration,pm10,14,22.2,27.59411764705882,11.112560492288269,62.5
2019-11-21,Administration,pm2.5,8.4,11.35,13.69549019607843,5.156403141834818,43.55
2019-11-21,Guardian Shelter,pm10,20.2,72.4,89.13470588235295,69.95056044737127,612.85
2019-11-21,Guardian Shelter,pm2.5,12.8,51.3,64.2486274509804,53.167621282441274,408.4
2019-11-21,Lighthouse Clinic,pm10,9.3,32.2,38.812549019607836,27.74647561098974,283.65
2019-11-21,Lighthouse Clinic,pm2.5,2.85,8.5,16.470980392156864,22.68538199197143,241
2019-11-21,Lions Sight,pm10,16.1,52.55,47.680078125,15.758723497427777,92.35
2019-11-21,Lions Sight,pm2.5,6.55,24.05,19.1666015625,8.302029504616742,29.5
2019-11-21,Malaria,pm10,13,20.2,27.989607843137254,20.23545554868806,130
2019-11-21,Malaria,pm2.5,9.5,12.2,15.719215686274511,9.842872004841373,66.75
2019-11-21,Mercy James,pm10,1.1,2.225,2.4100393700787404,0.9247730190613217,6.95
2019-11-21,Mercy James,pm2.5,0.7,1.1,1.1683070866141734,0.24853222922075746,2.8
2019-11-21,Ward 6B,pm10,17.7,36.65,36.87803921568627,9.476751914493159,68.2
2019-11-21,Ward 6B,pm2.5,8.2,14.4,14.012745098039215,2.56770224071521,20.1
2019-11-21,uMoyo,pm10,16.05,40.45,63.149607843137254,71.11659066877112,438.1
2019-11-21,uMoyo,pm2.5,4.9,25.6,40.98313725490195,48.92587103221173,320.3
2019-11-22,Administration,pm10,13.9,40.2,37.16877637130801,11.635057877014331,59.25
2019-11-22,Administration,pm2.5,10.1,18.15,19.150210970464133,5.024839777128355,29.9
2019-11-22,Guardian Shelter,pm10,5.3,52,69.77992125984252,60.77313829590912,406.85
2019-11-22,Guardian Shelter,pm2.5,3.5,36.175,51.41437007874016,54.92810896385121,362.75
2019-11-22,Lighthouse Clinic,pm10,9.55,25.675,93.8002032520325,142.81023419123173,916.95
2019-11-22,Lighthouse Clinic,pm2.5,4.4,9.75,44.969230769230784,73.67627736357096,474.15
2019-11-22,Lions Sight,pm10,15,28.25,32.659375,11.957196395177476,60.25
2019-11-22,Lions Sight,pm2.5,6.1,9.65,12.184583333333334,5.287526950121069,21.35
2019-11-22,Malaria,pm10,5.75,12,20.83446215139442,21.661961536517467,125.35
2019-11-22,Malaria,pm2.5,4.1,7.4,11.97410358565737,9.87709404092252,56.7
2019-11-22,Mercy James,pm10,0.55,2.3,2.44251012145749,0.9927862650070107,7.4
2019-11-22,Mercy James,pm2.5,0.5,1.2,1.2214574898785424,0.34088762246966864,3.05
2019-11-22,Ward 6B,pm10,10.8,26.8,28.281889763779528,13.411683994223937,87.9
2019-11-22,Ward 6B,pm2.5,6.6,9.8,11.069685039370079,6.009558122958294,46.05
2019-11-22,uMoyo,pm10,10,29.575,28.9938,10.979092560581465,60.9
2019-11-22,uMoyo,pm2.5,3.4,9.149999999999999,12.9188,8.834930136797258,31.85
2019-11-23,Administration,pm10,15.5,40.175,64.84114173228349,77.0613964601148,438.1
2019-11-23,Administration,pm2.5,4.9,25.825000000000003,40.877362204724406,53.338564841385114,320.3
2019-11-23,Guardian Shelter,pm10,8.15,63.025,101.44316406250002,109.88478592861205,770.15
2019-11-23,Guardian Shelter,pm2.5,4.2,48.75,84.74160156249998,96.92728281902802,660.1
2019-11-23,Lighthouse Clinic,pm10,10.55,42.9,86.48897637795275,117.41340319376206,751.95
2019-11-23,Lighthouse Clinic,pm2.5,5.5,19.575,32.363582677165354,38.388000463736184,252.3
2019-11-23,Lions Sight,pm10,10.25,20.7,20.682480314960628,4.254077113145836,35.15
2019-11-23,Lions Sight,pm2.5,4.9,5.9,6.255905511811024,1.0521878988260147,9.9
2019-11-23,Malaria,pm10,5.8,11.35,12.201532567049808,4.157449008417197,39.05
2019-11-23,Malaria,pm2.5,3.1,7.4,7.7107279693486594,2.0889636386033668,14.05
2019-11-23,Mercy James,pm10,0.7,2.1,2.2588582677165356,1.0116565073795896,7.8
2019-11-23,Mercy James,pm2.5,0.7,1.1,1.147244094488189,0.34674129998485154,3.1
2019-11-23,Ward 6B,pm10,14.1,32.675,44.291141732283464,25.991538420075926,158.4
2019-11-23,Ward 6B,pm2.5,9.3,21.1,23.76437007874016,10.468040963687576,60.5
2019-11-23,uMoyo,pm10,5.85,40,35.840157480314964,12.198418933658198,53.45
2019-11-23,uMoyo,pm2.5,2.8,21.2,18.131692913385827,6.986904003741498,25.35
2019-11-24,Administration,pm10,10,20.05,21.838114754098363,7.3387958142489715,70.3
2019-11-24,Administration,pm2.5,3.4,6.05,8.626434426229508,5.137943655991501,32.65
2019-11-24,Guardian Shelter,pm10,21.65,55.625,84.23831967213114,85.01829007313141,517.3
2019-11-24,Guardian Shelter,pm2.5,12.75,34.775000000000006,61.818442622950826,74.41067606175798,441.6
2019-11-24,Lighthouse Clinic,pm10,13.3,40.55,115.01229838709678,175.96231251339137,909.05
2019-11-24,Lighthouse Clinic,pm2.5,9,21.7,57.458167330677284,88.91187323989912,546.2
2019-11-24,Lions Sight,pm10,9.5,17.6,18.793373493975903,5.651103077541966,50.55
2019-11-24,Lions Sight,pm2.5,4.6,6.8,6.896586345381526,1.394458500512477,13.5
2019-11-24,Malaria,pm10,8,11.9,11.932142857142857,1.7032189384864462,18.45
2019-11-24,Malaria,pm2.5,6.5,9.6,9.521031746031746,1.1841979681089778,12.6
2019-11-24,Mercy James,pm10,1.2,2.575,2.7382,0.8524891265250102,7.1
2019-11-24,Mercy James,pm2.5,0.8,1.5,1.4552,0.3097365119376613,2.9
2019-11-24,Ward 6B,pm10,11.45,28.4,34.8454,29.14069541650353,202.7
2019-11-24,Ward 6B,pm2.5,10.1,22.1,22.764999999999997,13.105806103191737,85.95
2019-11-24,uMoyo,pm10,6.55,20.475,29.060040983606562,18.730184360308705,62.8
2019-11-24,uMoyo,pm2.5,3.5,6.9,13.08770491803279,10.00395356306657,29.2
